[
    {
        "id": 1,
        "X1": 0,
        "Y1": 800,
        "X2": 100,
        "Y2": 700
    },
    {
        "id": 2,
        "X1": 0,
        "Y1": 550,
        "X2": 50,
        "Y2": 450
    },
    {
        "id": 3,
        "X1": 0,
        "Y1": 350,
        "X2": 50,
        "Y2": 300
    },
    {
        "id": 4,
        "X1": 0,
        "Y1": 250,
        "X2": 50,
        "Y2": 200
    },
    {
        "id": 5,
        "X1": 200,
        "Y1": 100,
        "X2": 300,
        "Y2": 0
    },
    {
        "id": 6,
        "X1": 500,
        "Y1": 100,
        "X2": 700,
        "Y2": 0
    },
    {
        "id": 7,
        "X1": 800,
        "Y1": 300,
        "X2": 850,
        "Y2": 200
    },
    {
        "id": 8,
        "X1": 200,
        "Y1": 550,
        "X2": 500,
        "Y2": 450
    },
    {
        "id": 9,
        "X1": 700,
        "Y1": 800,
        "X2": 850,
        "Y2": 600
    },
    {
        "id": 10,
        "X1": 200,
        "Y1": 900,
        "X2": 400,
        "Y2": 700
    },
    {
        "id": 11,
        "X1": 400,
        "Y1": 900,
        "X2": 600,
        "Y2": 800
    },
    {
        "id": 12,
        "X1": 450,
        "Y1": 800,
        "X2": 550,
        "Y2": 700
    },
    {
        "id": 13,
        "X1": 500,
        "Y1": 700,
        "X2": 600,
        "Y2": 600
    },
    {
        "id": 14,
        "X1": 500,
        "Y1": 600,
        "X2": 700,
        "Y2": 500
    }
]