[
  {
    "name": "Player 1",
    "KDA": 4,
    "Games": 738
  },
  {
    "name": "Player 2",
    "KDA": 5,
    "Games": 269
  },
  {
    "name": "Player 3",
    "KDA": 4,
    "Games": 372
  },
  {
    "name": "Player 4",
    "KDA": 5,
    "Games": 628
  },
  {
    "name": "Player 5",
    "KDA": 5,
    "Games": 175
  },
  {
    "name": "Player 6",
    "KDA": 9,
    "Games": 189
  },
  {
    "name": "Player 7",
    "KDA": 1,
    "Games": 999
  },
  {
    "name": "Player 8",
    "KDA": 8,
    "Games": 851
  },
  {
    "name": "Player 9",
    "KDA": 2,
    "Games": 631
  },
  {
    "name": "Player 10",
    "KDA": 3,
    "Games": 840
  },
  {
    "name": "Player 11",
    "KDA": 5,
    "Games": 588
  },
  {
    "name": "Player 12",
    "KDA": 2,
    "Games": 992
  },
  {
    "name": "Player 13",
    "KDA": 4,
    "Games": 185
  },
  {
    "name": "Player 14",
    "KDA": 3,
    "Games": 912
  },
  {
    "name": "Player 15",
    "KDA": 8,
    "Games": 13
  },
  {
    "name": "Player 16",
    "KDA": 1,
    "Games": 967
  },
  {
    "name": "Player 17",
    "KDA": 5,
    "Games": 944
  },
  {
    "name": "Player 18",
    "KDA": 2,
    "Games": 530
  },
  {
    "name": "Player 19",
    "KDA": 1,
    "Games": 237
  },
  {
    "name": "Player 20",
    "KDA": 0,
    "Games": 990
  },
  {
    "name": "Player 21",
    "KDA": 6,
    "Games": 329
  },
  {
    "name": "Player 22",
    "KDA": 1,
    "Games": 430
  },
  {
    "name": "Player 23",
    "KDA": 4,
    "Games": 538
  },
  {
    "name": "Player 24",
    "KDA": 7,
    "Games": 933
  },
  {
    "name": "Player 25",
    "KDA": 9,
    "Games": 442
  },
  {
    "name": "Player 26",
    "KDA": 7,
    "Games": 861
  },
  {
    "name": "Player 27",
    "KDA": 7,
    "Games": 387
  },
  {
    "name": "Player 28",
    "KDA": 3,
    "Games": 758
  },
  {
    "name": "Player 29",
    "KDA": 6,
    "Games": 124
  },
  {
    "name": "Player 30",
    "KDA": 6,
    "Games": 10
  },
  {
    "name": "Player 31",
    "KDA": 3,
    "Games": 530
  },
  {
    "name": "Player 32",
    "KDA": 4,
    "Games": 517
  },
  {
    "name": "Player 33",
    "KDA": 2,
    "Games": 258
  },
  {
    "name": "Player 34",
    "KDA": 2,
    "Games": 282
  },
  {
    "name": "Player 35",
    "KDA": 4,
    "Games": 834
  },
  {
    "name": "Player 36",
    "KDA": 8,
    "Games": 16
  },
  {
    "name": "Player 37",
    "KDA": 3,
    "Games": 7
  },
  {
    "name": "Player 38",
    "KDA": 5,
    "Games": 163
  },
  {
    "name": "Player 39",
    "KDA": 1,
    "Games": 377
  },
  {
    "name": "Player 40",
    "KDA": 6,
    "Games": 703
  },
  {
    "name": "Player 41",
    "KDA": 2,
    "Games": 187
  },
  {
    "name": "Player 42",
    "KDA": 7,
    "Games": 56
  },
  {
    "name": "Player 43",
    "KDA": 3,
    "Games": 471
  },
  {
    "name": "Player 44",
    "KDA": 1,
    "Games": 68
  },
  {
    "name": "Player 45",
    "KDA": 3,
    "Games": 710
  },
  {
    "name": "Player 46",
    "KDA": 8,
    "Games": 986
  },
  {
    "name": "Player 47",
    "KDA": 8,
    "Games": 213
  },
  {
    "name": "Player 48",
    "KDA": 6,
    "Games": 396
  },
  {
    "name": "Player 49",
    "KDA": 4,
    "Games": 131
  },
  {
    "name": "Player 50",
    "KDA": 4,
    "Games": 688
  },
  {
    "name": "Player 51",
    "KDA": 4,
    "Games": 535
  },
  {
    "name": "Player 52",
    "KDA": 8,
    "Games": 605
  },
  {
    "name": "Player 53",
    "KDA": 5,
    "Games": 958
  },
  {
    "name": "Player 54",
    "KDA": 0,
    "Games": 616
  },
  {
    "name": "Player 55",
    "KDA": 9,
    "Games": 786
  },
  {
    "name": "Player 56",
    "KDA": 7,
    "Games": 541
  },
  {
    "name": "Player 57",
    "KDA": 3,
    "Games": 534
  },
  {
    "name": "Player 58",
    "KDA": 9,
    "Games": 979
  },
  {
    "name": "Player 59",
    "KDA": 6,
    "Games": 285
  },
  {
    "name": "Player 60",
    "KDA": 6,
    "Games": 120
  },
  {
    "name": "Player 61",
    "KDA": 7,
    "Games": 475
  },
  {
    "name": "Player 62",
    "KDA": 6,
    "Games": 308
  },
  {
    "name": "Player 63",
    "KDA": 4,
    "Games": 292
  },
  {
    "name": "Player 64",
    "KDA": 6,
    "Games": 258
  },
  {
    "name": "Player 65",
    "KDA": 4,
    "Games": 456
  },
  {
    "name": "Player 66",
    "KDA": 3,
    "Games": 113
  },
  {
    "name": "Player 67",
    "KDA": 9,
    "Games": 272
  },
  {
    "name": "Player 68",
    "KDA": 4,
    "Games": 377
  },
  {
    "name": "Player 69",
    "KDA": 5,
    "Games": 10
  },
  {
    "name": "Player 70",
    "KDA": 4,
    "Games": 32
  },
  {
    "name": "Player 71",
    "KDA": 8,
    "Games": 327
  },
  {
    "name": "Player 72",
    "KDA": 4,
    "Games": 652
  },
  {
    "name": "Player 73",
    "KDA": 2,
    "Games": 254
  },
  {
    "name": "Player 74",
    "KDA": 3,
    "Games": 963
  },
  {
    "name": "Player 75",
    "KDA": 9,
    "Games": 442
  },
  {
    "name": "Player 76",
    "KDA": 4,
    "Games": 646
  },
  {
    "name": "Player 77",
    "KDA": 7,
    "Games": 654
  },
  {
    "name": "Player 78",
    "KDA": 4,
    "Games": 788
  },
  {
    "name": "Player 79",
    "KDA": 8,
    "Games": 497
  },
  {
    "name": "Player 80",
    "KDA": 7,
    "Games": 251
  },
  {
    "name": "Player 81",
    "KDA": 5,
    "Games": 732
  },
  {
    "name": "Player 82",
    "KDA": 4,
    "Games": 89
  },
  {
    "name": "Player 83",
    "KDA": 8,
    "Games": 321
  },
  {
    "name": "Player 84",
    "KDA": 5,
    "Games": 112
  },
  {
    "name": "Player 85",
    "KDA": 3,
    "Games": 469
  },
  {
    "name": "Player 86",
    "KDA": 7,
    "Games": 704
  },
  {
    "name": "Player 87",
    "KDA": 3,
    "Games": 390
  },
  {
    "name": "Player 88",
    "KDA": 7,
    "Games": 671
  },
  {
    "name": "Player 89",
    "KDA": 1,
    "Games": 568
  },
  {
    "name": "Player 90",
    "KDA": 4,
    "Games": 259
  },
  {
    "name": "Player 91",
    "KDA": 3,
    "Games": 784
  },
  {
    "name": "Player 92",
    "KDA": 6,
    "Games": 472
  },
  {
    "name": "Player 93",
    "KDA": 3,
    "Games": 852
  },
  {
    "name": "Player 94",
    "KDA": 1,
    "Games": 37
  },
  {
    "name": "Player 95",
    "KDA": 6,
    "Games": 370
  },
  {
    "name": "Player 96",
    "KDA": 9,
    "Games": 177
  },
  {
    "name": "Player 97",
    "KDA": 5,
    "Games": 44
  },
  {
    "name": "Player 98",
    "KDA": 9,
    "Games": 555
  },
  {
    "name": "Player 99",
    "KDA": 6,
    "Games": 917
  },
  {
    "name": "Player 100",
    "KDA": 6,
    "Games": 199
  }
]