[
  {
    "id": 0,
    "room_name": "room1"
  },
  {
    "id": 1,
    "room_name": "room2"
  },
  {
    "id": 2,
    "room_name": "room3"
  },
  {
    "id": 3,
    "room_name": "room4"
  },
  {
    "id": 4,
    "room_name": "room5"
  },
  {
    "id": 5,
    "room_name": "room6"
  },
  {
    "id": 6,
    "room_name": "room7"
  },
  {
    "id": 7,
    "room_name": "room8"
  },
  {
    "id": 8,
    "room_name": "room9"
  },
  {
    "id": 9,
    "room_name": "room10"
  },
  {
    "id": 10,
    "room_name": "room11"
  },
  {
    "id": 11,
    "room_name": "room12"
  },
  {
    "id": 12,
    "room_name": "room13"
  },
  {
    "id": 13,
    "room_name": "room14"
  },
  {
    "id": 14,
    "room_name": "room15"
  },
  {
    "id": 15,
    "room_name": "room16"
  },
  {
    "id": 16,
    "room_name": "room17"
  },
  {
    "id": 17,
    "room_name": "room18"
  },
  {
    "id": 18,
    "room_name": "room19"
  },
  {
    "id": 19,
    "room_name": "room20"
  },
  {
    "id": 20,
    "room_name": "room21"
  },
  {
    "id": 21,
    "room_name": "room22"
  },
  {
    "id": 22,
    "room_name": "room23"
  },
  {
    "id": 23,
    "room_name": "room24"
  },
  {
    "id": 24,
    "room_name": "room25"
  },
  {
    "id": 25,
    "room_name": "room26"
  },
  {
    "id": 26,
    "room_name": "room27"
  },
  {
    "id": 27,
    "room_name": "room28"
  },
  {
    "id": 28,
    "room_name": "room29"
  },
  {
    "id": 29,
    "room_name": "room30"
  },
  {
    "id": 30,
    "room_name": "room31"
  },
  {
    "id": 31,
    "room_name": "room32"
  },
  {
    "id": 32,
    "room_name": "room33"
  },
  {
    "id": 33,
    "room_name": "room34"
  },
  {
    "id": 34,
    "room_name": "room35"
  },
  {
    "id": 35,
    "room_name": "room36"
  },
  {
    "id": 36,
    "room_name": "room37"
  },
  {
    "id": 37,
    "room_name": "room38"
  },
  {
    "id": 38,
    "room_name": "room39"
  },
  {
    "id": 39,
    "room_name": "room40"
  },
  {
    "id": 40,
    "room_name": "room41"
  },
  {
    "id": 41,
    "room_name": "room42"
  },
  {
    "id": 42,
    "room_name": "room43"
  },
  {
    "id": 43,
    "room_name": "room44"
  },
  {
    "id": 44,
    "room_name": "room45"
  },
  {
    "id": 45,
    "room_name": "room46"
  },
  {
    "id": 46,
    "room_name": "room47"
  },
  {
    "id": 47,
    "room_name": "room48"
  },
  {
    "id": 48,
    "room_name": "room49"
  },
  {
    "id": 49,
    "room_name": "room50"
  },
  {
    "id": 50,
    "room_name": "room51"
  },
  {
    "id": 51,
    "room_name": "room52"
  },
  {
    "id": 52,
    "room_name": "room53"
  },
  {
    "id": 53,
    "room_name": "room54"
  },
  {
    "id": 54,
    "room_name": "room55"
  },
  {
    "id": 55,
    "room_name": "room56"
  },
  {
    "id": 56,
    "room_name": "room57"
  },
  {
    "id": 57,
    "room_name": "room58"
  },
  {
    "id": 58,
    "room_name": "room59"
  },
  {
    "id": 59,
    "room_name": "room60"
  },
  {
    "id": 60,
    "room_name": "room61"
  },
  {
    "id": 61,
    "room_name": "room62"
  },
  {
    "id": 62,
    "room_name": "room63"
  },
  {
    "id": 63,
    "room_name": "room64"
  },
  {
    "id": 64,
    "room_name": "room65"
  },
  {
    "id": 65,
    "room_name": "room66"
  },
  {
    "id": 66,
    "room_name": "room67"
  },
  {
    "id": 67,
    "room_name": "room68"
  },
  {
    "id": 68,
    "room_name": "room69"
  },
  {
    "id": 69,
    "room_name": "room70"
  },
  {
    "id": 70,
    "room_name": "room71"
  },
  {
    "id": 71,
    "room_name": "room72"
  },
  {
    "id": 72,
    "room_name": "room73"
  },
  {
    "id": 73,
    "room_name": "room74"
  },
  {
    "id": 74,
    "room_name": "room75"
  },
  {
    "id": 75,
    "room_name": "room76"
  },
  {
    "id": 76,
    "room_name": "room77"
  },
  {
    "id": 77,
    "room_name": "room78"
  },
  {
    "id": 78,
    "room_name": "room79"
  },
  {
    "id": 79,
    "room_name": "room80"
  },
  {
    "id": 80,
    "room_name": "room81"
  },
  {
    "id": 81,
    "room_name": "room82"
  },
  {
    "id": 82,
    "room_name": "room83"
  },
  {
    "id": 83,
    "room_name": "room84"
  },
  {
    "id": 84,
    "room_name": "room85"
  },
  {
    "id": 85,
    "room_name": "room86"
  },
  {
    "id": 86,
    "room_name": "room87"
  },
  {
    "id": 87,
    "room_name": "room88"
  },
  {
    "id": 88,
    "room_name": "room89"
  },
  {
    "id": 89,
    "room_name": "room90"
  },
  {
    "id": 90,
    "room_name": "room91"
  },
  {
    "id": 91,
    "room_name": "room92"
  },
  {
    "id": 92,
    "room_name": "room93"
  },
  {
    "id": 93,
    "room_name": "room94"
  },
  {
    "id": 94,
    "room_name": "room95"
  },
  {
    "id": 95,
    "room_name": "room96"
  },
  {
    "id": 96,
    "room_name": "room97"
  },
  {
    "id": 97,
    "room_name": "room98"
  },
  {
    "id": 98,
    "room_name": "room99"
  },
  {
    "id": 99,
    "room_name": "room100"
  },
  {
    "id": 100,
    "room_name": "room101"
  },
  {
    "id": 101,
    "room_name": "room102"
  },
  {
    "id": 102,
    "room_name": "room103"
  },
  {
    "id": 103,
    "room_name": "room104"
  },
  {
    "id": 104,
    "room_name": "room105"
  },
  {
    "id": 105,
    "room_name": "room106"
  },
  {
    "id": 106,
    "room_name": "room107"
  },
  {
    "id": 107,
    "room_name": "room108"
  },
  {
    "id": 108,
    "room_name": "room109"
  },
  {
    "id": 109,
    "room_name": "room110"
  },
  {
    "id": 110,
    "room_name": "room111"
  },
  {
    "id": 111,
    "room_name": "room112"
  },
  {
    "id": 112,
    "room_name": "room113"
  },
  {
    "id": 113,
    "room_name": "room114"
  },
  {
    "id": 114,
    "room_name": "room115"
  },
  {
    "id": 115,
    "room_name": "room116"
  },
  {
    "id": 116,
    "room_name": "room117"
  },
  {
    "id": 117,
    "room_name": "room118"
  },
  {
    "id": 118,
    "room_name": "room119"
  },
  {
    "id": 119,
    "room_name": "room120"
  },
  {
    "id": 120,
    "room_name": "room121"
  },
  {
    "id": 121,
    "room_name": "room122"
  },
  {
    "id": 122,
    "room_name": "room123"
  },
  {
    "id": 123,
    "room_name": "room124"
  },
  {
    "id": 124,
    "room_name": "room125"
  },
  {
    "id": 125,
    "room_name": "room126"
  },
  {
    "id": 126,
    "room_name": "room127"
  },
  {
    "id": 127,
    "room_name": "room128"
  }
]